{
  "experiment_id": "tts_speech_final_n50",
  "sample_count": 50,
  "score_row_count": 800,
  "intent_counts": {
    "describe": 8,
    "entertain": 8,
    "inform": 19,
    "persuade": 9,
    "question": 6
  },
  "means": {
    "A_oracle": {
      "summarization": 0.32906,
      "sentiment": 0.72,
      "keywords": 0.3078989638802372,
      "intent": 0.98
    },
    "B_whisper_cascade": {
      "summarization": 0.316,
      "sentiment": 0.78,
      "keywords": 0.31879805406614337,
      "intent": 0.98
    },
    "C_qwen_transcript": {
      "summarization": 0.32986,
      "sentiment": 0.68,
      "keywords": 0.29780387082839554,
      "intent": 0.94
    },
    "D_qwen_direct": {
      "summarization": 0.32508,
      "sentiment": 0.72,
      "keywords": 0.31244700988446267,
      "intent": 0.8
    }
  },
  "means_by_intent": {
    "describe": {
      "A_oracle": {
        "summarization": 0.38025,
        "sentiment": 0.75,
        "keywords": 0.22703980701835957,
        "intent": 1.0
      },
      "B_whisper_cascade": {
        "summarization": 0.367375,
        "sentiment": 0.75,
        "keywords": 0.22703980701835957,
        "intent": 1.0
      },
      "C_qwen_transcript": {
        "summarization": 0.4405,
        "sentiment": 0.75,
        "keywords": 0.27203064191250415,
        "intent": 1.0
      },
      "D_qwen_direct": {
        "summarization": 0.342625,
        "sentiment": 0.75,
        "keywords": 0.2408269602420821,
        "intent": 0.875
      }
    },
    "entertain": {
      "A_oracle": {
        "summarization": 0.2765,
        "sentiment": 0.5,
        "keywords": 0.30070521356908836,
        "intent": 1.0
      },
      "B_whisper_cascade": {
        "summarization": 0.265375,
        "sentiment": 0.5,
        "keywords": 0.29616048988518556,
        "intent": 1.0
      },
      "C_qwen_transcript": {
        "summarization": 0.27825,
        "sentiment": 0.5,
        "keywords": 0.17962808146514125,
        "intent": 1.0
      },
      "D_qwen_direct": {
        "summarization": 0.291125,
        "sentiment": 0.625,
        "keywords": 0.22517727663219267,
        "intent": 0.75
      }
    },
    "inform": {
      "A_oracle": {
        "summarization": 0.3758947368421053,
        "sentiment": 0.7894736842105263,
        "keywords": 0.4195615362915851,
        "intent": 0.9473684210526315
      },
      "B_whisper_cascade": {
        "summarization": 0.36147368421052634,
        "sentiment": 0.8947368421052632,
        "keywords": 0.4126993911640334,
        "intent": 0.9473684210526315
      },
      "C_qwen_transcript": {
        "summarization": 0.35557894736842105,
        "sentiment": 0.6842105263157895,
        "keywords": 0.39215511916757245,
        "intent": 0.9473684210526315
      },
      "D_qwen_direct": {
        "summarization": 0.374,
        "sentiment": 0.7894736842105263,
        "keywords": 0.4117358165901016,
        "intent": 0.8947368421052632
      }
    },
    "persuade": {
      "A_oracle": {
        "summarization": 0.31722222222222224,
        "sentiment": 0.8888888888888888,
        "keywords": 0.3140354461604169,
        "intent": 1.0
      },
      "B_whisper_cascade": {
        "summarization": 0.287,
        "sentiment": 1.0,
        "keywords": 0.33833727067569586,
        "intent": 1.0
      },
      "C_qwen_transcript": {
        "summarization": 0.29144444444444445,
        "sentiment": 0.8888888888888888,
        "keywords": 0.3294886877824,
        "intent": 0.8888888888888888
      },
      "D_qwen_direct": {
        "summarization": 0.31866666666666665,
        "sentiment": 0.6666666666666666,
        "keywords": 0.3550103938738536,
        "intent": 0.8888888888888888
      }
    },
    "question": {
      "A_oracle": {
        "summarization": 0.20033333333333334,
        "sentiment": 0.5,
        "keywords": 0.06249997072140125,
        "intent": 1.0
      },
      "B_whisper_cascade": {
        "summarization": 0.2145,
        "sentiment": 0.5,
        "keywords": 0.1446627433134849,
        "intent": 1.0
      },
      "C_qwen_transcript": {
        "summarization": 0.22733333333333333,
        "sentiment": 0.5,
        "keywords": 0.14342971669552276,
        "intent": 0.8333333333333334
      },
      "D_qwen_direct": {
        "summarization": 0.20166666666666666,
        "sentiment": 0.6666666666666666,
        "keywords": 0.14604042319205393,
        "intent": 0.3333333333333333
      }
    }
  },
  "pairwise": {
    "A_oracle_minus_B_whisper_cascade": {
      "summarization": {
        "mean_difference": 0.013060000000000002,
        "paired_bootstrap_95_ci": [
          -0.003259999999999997,
          0.029859999999999998
        ],
        "left_wins": 22,
        "right_wins": 23,
        "ties": 5
      },
      "sentiment": {
        "mean_difference": -0.06,
        "paired_bootstrap_95_ci": [
          -0.14,
          0.0
        ],
        "left_wins": 0,
        "right_wins": 3,
        "ties": 47
      },
      "keywords": {
        "mean_difference": -0.01089909018590617,
        "paired_bootstrap_95_ci": [
          -0.030528330008725842,
          0.008068657143807285
        ],
        "left_wins": 9,
        "right_wins": 10,
        "ties": 31
      },
      "intent": {
        "mean_difference": 0.0,
        "paired_bootstrap_95_ci": [
          0.0,
          0.0
        ],
        "left_wins": 0,
        "right_wins": 0,
        "ties": 50
      }
    },
    "A_oracle_minus_C_qwen_transcript": {
      "summarization": {
        "mean_difference": -0.0007999999999999957,
        "paired_bootstrap_95_ci": [
          -0.021259999999999994,
          0.01888049999999996
        ],
        "left_wins": 26,
        "right_wins": 20,
        "ties": 4
      },
      "sentiment": {
        "mean_difference": 0.04,
        "paired_bootstrap_95_ci": [
          -0.06,
          0.14
        ],
        "left_wins": 4,
        "right_wins": 2,
        "ties": 44
      },
      "keywords": {
        "mean_difference": 0.010095093051841683,
        "paired_bootstrap_95_ci": [
          -0.028171798001354543,
          0.04573780396903181
        ],
        "left_wins": 18,
        "right_wins": 7,
        "ties": 25
      },
      "intent": {
        "mean_difference": 0.04,
        "paired_bootstrap_95_ci": [
          0.0,
          0.1
        ],
        "left_wins": 2,
        "right_wins": 0,
        "ties": 48
      }
    },
    "A_oracle_minus_D_qwen_direct": {
      "summarization": {
        "mean_difference": 0.00398,
        "paired_bootstrap_95_ci": [
          -0.028839999999999998,
          0.03528
        ],
        "left_wins": 30,
        "right_wins": 20,
        "ties": 0
      },
      "sentiment": {
        "mean_difference": 0.0,
        "paired_bootstrap_95_ci": [
          -0.14,
          0.14
        ],
        "left_wins": 6,
        "right_wins": 6,
        "ties": 38
      },
      "keywords": {
        "mean_difference": -0.004548046004225483,
        "paired_bootstrap_95_ci": [
          -0.04214857497061324,
          0.03245384471634617
        ],
        "left_wins": 22,
        "right_wins": 19,
        "ties": 9
      },
      "intent": {
        "mean_difference": 0.18,
        "paired_bootstrap_95_ci": [
          0.08,
          0.3
        ],
        "left_wins": 9,
        "right_wins": 0,
        "ties": 41
      }
    },
    "B_whisper_cascade_minus_C_qwen_transcript": {
      "summarization": {
        "mean_difference": -0.013859999999999997,
        "paired_bootstrap_95_ci": [
          -0.033780000000000004,
          0.005480000000000002
        ],
        "left_wins": 21,
        "right_wins": 27,
        "ties": 2
      },
      "sentiment": {
        "mean_difference": 0.1,
        "paired_bootstrap_95_ci": [
          0.02,
          0.2
        ],
        "left_wins": 5,
        "right_wins": 0,
        "ties": 45
      },
      "keywords": {
        "mean_difference": 0.020994183237747856,