{
  "dataset": "TTS (Microsoft Edge, 8 voices, 5 test)",
  "cascade_latency": 16.927250000000004,
  "direct_latency": 726.3466999999999,
  "ratio": 42.909905625544596,
  "t": -1.3087505401896127,
  "p": 0.20622866626071734,
  "d": -0.2926455173453423,
  "cascade_scores": {
    "Summarization": 1.0,
    "Sentiment": 1.0,
    "Keywords": 1.0,
    "Intent": 1.0
  },
  "direct_scores": {
    "Summarization": 1.0,
    "Sentiment": 0.3,
    "Keywords": 0.3,
    "Intent": 0.3
  }
}