{
  "experiment_id": "human_speech_v1_ablation_c_transcription",
  "sample_count": 8,
  "means": {
    "qwen_project_wer": 0.23640195533778982,
    "qwen_cleaned_project_wer": 0.180671473804363,
    "whisper_project_wer": 0.08130342697663875,
    "qwen_normalized_wer": 0.11403730817793319,
    "qwen_cleaned_normalized_wer": 0.06964962121212122,
    "whisper_normalized_wer": 0.033764022435897434,
    "qwen_latency_seconds": 3.943625
  },
  "by_sample": {
    "altitude": {
      "qwen_project_wer": 0.11363636363636363,
      "qwen_cleaned_project_wer": 0.11363636363636363,
      "whisper_project_wer": 0.045454545454545456,
      "qwen_normalized_wer": 0.044444444444444446,
      "qwen_cleaned_normalized_wer": 0.044444444444444446,
      "whisper_normalized_wer": 0.0
    },
    "calm": {
      "qwen_project_wer": 0.28888888888888886,
      "qwen_cleaned_project_wer": 0.15555555555555556,
      "whisper_project_wer": 0.08888888888888889,
      "qwen_normalized_wer": 0.13333333333333333,
      "qwen_cleaned_normalized_wer": 0.022222222222222223,
      "whisper_normalized_wer": 0.06666666666666667
    },
    "depression": {
      "qwen_project_wer": 0.015873015873015872,
      "qwen_cleaned_project_wer": 0.015873015873015872,
      "whisper_project_wer": 0.0,
      "qwen_normalized_wer": 0.015625,
      "qwen_cleaned_normalized_wer": 0.015625,
      "whisper_normalized_wer": 0.0
    },
    "happiness": {
      "qwen_project_wer": 0.58,
      "qwen_cleaned_project_wer": 0.44,
      "whisper_project_wer": 0.16,
      "qwen_normalized_wer": 0.38461538461538464,
      "qwen_cleaned_normalized_wer": 0.25,
      "whisper_normalized_wer": 0.09615384615384616
    },
    "healthy": {
      "qwen_project_wer": 0.4032258064516129,
      "qwen_cleaned_project_wer": 0.27419354838709675,
      "whisper_project_wer": 0.06451612903225806,
      "qwen_normalized_wer": 0.15625,
      "qwen_cleaned_normalized_wer": 0.046875,
      "whisper_normalized_wer": 0.015625
    },
    "menopause": {
      "qwen_project_wer": 0.1956521739130435,
      "qwen_cleaned_project_wer": 0.15217391304347827,
      "whisper_project_wer": 0.15217391304347827,
      "qwen_normalized_wer": 0.041666666666666664,
      "qwen_cleaned_normalized_wer": 0.041666666666666664,
      "whisper_normalized_wer": 0.041666666666666664
    },
    "speak": {
      "qwen_project_wer": 0.12727272727272726,
      "qwen_cleaned_project_wer": 0.12727272727272726,
      "whisper_project_wer": 0.07272727272727272,
      "qwen_normalized_wer": 0.03636363636363636,
      "qwen_cleaned_normalized_wer": 0.03636363636363636,
      "whisper_normalized_wer": 0.0
    },
    "thanks": {
      "qwen_project_wer": 0.16666666666666666,
      "qwen_cleaned_project_wer": 0.16666666666666666,
      "whisper_project_wer": 0.06666666666666667,
      "qwen_normalized_wer": 0.1,
      "qwen_cleaned_normalized_wer": 0.1,
      "whisper_normalized_wer": 0.05
    }
  },
  "caveats": [
    "The supplied Whisper results have no audio hashes.",
    "Project WER uses lowercase whitespace tokens and retains punctuation.",
    "Normalized WER lowercases text and removes punctuation for a secondary check.",
    "Cleaned Qwen transcripts remove only fixed meta prefixes and outer quotes; recognized words are not corrected.",
    "N=8 supports descriptive trends only."
  ]
}
